<?xml version="1.0" encoding="UTF-8"?>
<configuration scan="true" scanPeriod="60 seconds">

    <appender name="FILE" class="ch.qos.logback.core.rolling.RollingFileAppender">
        <rollingPolicy class="ch.qos.logback.core.rolling.TimeBasedRollingPolicy">
            <!--매우중요! 아래의 디렉토리에 시스템 발송이력 저장됨-->
            <param name="File" value="./logs/gw/msp_stdout.log"/>
            <fileNamePattern>./logs/gw/msp_stdout.%d{yyyy-MM-dd}.log</fileNamePattern>
            <maxHistory>30</maxHistory>
        </rollingPolicy>
        <encoder>
            <pattern>%d{HH:mm:ss} [%thread] %-5level [%class{36}.class] - %msg%n</pattern>
        </encoder>
    </appender>

    <appender name="CONSOLE" class="ch.qos.logback.core.ConsoleAppender">
        <layout class="ch.qos.logback.classic.PatternLayout">
            <pattern>%d{HH:mm:ss.SSS} [%thread] %-5level [%class{36}] - %msg%n</pattern>
        </layout>
    </appender>


    <logger name="kr.msp" additivity="false">
        <level value="DEBUG"/>
        <appender-ref ref="CONSOLE"/>
    </logger>

    <logger name="org.springframework" additivity="false">
        <level value="DEBUG"/>
        <appender-ref ref="CONSOLE"/>
    </logger>

    <!--<root level="DEBUG">-->
        <!--<appender-ref ref="CONSOLE" />-->
    <!--</root>-->
</configuration>
        