<?xml version="1.0" encoding="UTF-8"?>
<beans xmlns="http://www.springframework.org/schema/beans"
	xmlns:xsi="http://www.w3.org/2001/XMLSchema-instance"
	xsi:schemaLocation="http://www.springframework.org/schema/beans http://www.springframework.org/schema/beans/spring-beans.xsd">

    <!-- DB DataSource was pool JNDI 사용-->
    <bean id="dataSource" class="org.springframework.jndi.JndiObjectFactoryBean">
    	<property name="jndiName" value="${datasource.jndiname.msp.mobile}"/>
     	<property name="resourceRef" value="true"/>
  	</bean>

    <!-- DB DataSource DBCP 사용-->
<!--    <bean id="dataSource" class="kr.msp.dbcp.CryptoDataSource" destroy-method="close">
        <property name="driverClassName" value="${jdbc.driverClassName}"/>
        <property name="url" value="${jdbc.url}"/>
        <property name="username" value="${jdbc.username}"/>
        <property name="password" value="${jdbc.password}"/>
    </bean>-->

	<!-- ============================================================================================== -->
    <bean id="sqlSessionFactory" class="org.mybatis.spring.SqlSessionFactoryBean">
        <property name="dataSource" ref="dataSource" />
		<property name="configLocation" value="classpath:config/mybatis-config.xml" />
 		<property name="mapperLocations">
			<list>
				<value>${datasource.mybatis.msp.mobile.mapperLocation}</value>
			</list>
		</property>
    	<!-- ## mapperLocations 설정은 msp.xml로 이동 함. 더이상 이곳에서 설정하지 않음. ## -->
    </bean>
	<!-- ============================================================================================== -->
    
    <bean id="sqlSession" class="org.mybatis.spring.SqlSessionTemplate"> 
  		<constructor-arg index="0" ref="sqlSessionFactory"></constructor-arg>
  	</bean>
    
    <bean id="transactionManager"
        class="org.springframework.jdbc.datasource.DataSourceTransactionManager">
        <property name="dataSource" ref="dataSource" />
    </bean>

    <!-- 샘플 DB 연동 설정  -->
    <import resource="sample-mybatis-context.xml"/>
	
</beans>